{
  "formatVersion": 1,
  "database": {
    "version": 1,
    "identityHash": "a8d39cfaf61d8f061fefbfbc6c9d01e6",
    "entities": [
      {
        "tableName": "MyData",
        "createSql": "CREATE TABLE IF NOT EXISTS `${TABLE_NAME}` (`PrimaryKey` INTEGER PRIMARY KEY AUTOINCREMENT NOT NULL, `name` TEXT NOT NULL, `surname` TEXT NOT NULL, `group` TEXT NOT NULL, `image` BLOB NOT NULL)",
        "fields": [
          {
            "fieldPath": "PrimaryKey",
            "columnName": "PrimaryKey",
            "affinity": "INTEGER",
            "notNull": true
          },
          {
            "fieldPath": "name",
            "columnName": "name",
            "affinity": "TEXT",
            "notNull": true
          },
          {
            "fieldPath": "surname",
            "columnName": "surname",
            "affinity": "TEXT",
            "notNull": true
          },
          {
            "fieldPath": "group",
            "columnName": "group",
            "affinity": "TEXT",
            "notNull": true
          },
          {
            "fieldPath": "image",
            "columnName": "image",
            "affinity": "BLOB",
            "notNull": true
          }
        ],
        "primaryKey": {
          "autoGenerate": true,
          "columnNames": [
            "PrimaryKey"
          ]
        },
        "indices": [],
        "foreignKeys": []
      }
    ],
    "views": [],
    "setupQueries": [
      "CREATE TABLE IF NOT EXISTS room_master_table (id INTEGER PRIMARY KEY,identity_hash TEXT)",
      "INSERT OR REPLACE INTO room_master_table (id,identity_hash) VALUES(42, 'a8d39cfaf61d8f061fefbfbc6c9d01e6')"
    ]
  }
}